price,earnings_ttm,marketcap,pe_ratio_ttm,revenue_ttm,total_shares,dividend_yield
29.049725,-54340000.0,428033163.48800004,0.0,0.0,14734499.67213115,0.0
6.4290375,-67195625.0,98041537.97240001,-3.09885,461870.0,15249800.296296297,0.0
141.8878194545,1012250000.0,15534204037.670837,39.7679,6274125000.0,35634100.11105822,4.4913170002028874e-07
53.418158250000005,-771250000.0,6595272667.366375,-6.8468,10562148750.0,123464995.48898944,0.0
133.4096715,242911250.0,1243223730.9958,14.376,220288491.25,9318842.607267795,0.0
74.7197025,924500000.0,13807378409.98375,70.237755,5276875000.0,184788990.69470665,1.2179086065925958e-06
33.211645765,454080000.0,3806685839.001625,15.8569,454080000.0,114619006.41531262,1.3661471477201766e-05
63.24268,227385000.0,6128203134.89925,35.4421,435851250.0,96899801.44578393,5.452250727414784e-06
30.28791,60062500.0,376306076.40320003,9.22701,209408750.0,12424299.874213837,1.3661471477201766e-05
41.983996000000005,1220532500.0,9955371921.664,70.237755,10562148750.0,237123019.96370235,0.0
98.6261975,1220532500.0,15534204037.670837,18.4592,10562148750.0,468084400.97929186,2.5603503092417905e-07
26.28285775,636643750.0,4135370756.454375,22.7779,2498765718.75,157340986.12067306,0.0
10.589053365000002,358673750.0,2070380348.8365002,7.48841,891148666.25,195520815.45643434,1.3661471477201766e-05
4.7146275,73500000.0,961439847.9072,33.0,491750000.0,203927001.21212122,0.0
4.36698325,28625000.0,227786646.66799998,-5.38372,3471375000.0,52161099.23664122,1.3661471477201766e-05
4.286025,-302740000.0,47294571.464999996,-0.224806,717257500.0,11034600.0,0.0
27.7829665,-69317500.0,3230881079.04,-41.8571,2942335000.0,116289996.57182035,0.0
66.7191225,50831250.0,367084623.1344,14.4433,173112500.0,5501940.2141327625,1.3661471477201766e-05
141.8878194545,1220532500.0,15534204037.670837,30.577,6168000000.0,46242899.21934836,4.896918866504704e-07
25.06772204,1017375000.0,3156026372.4672503,3.07003,5424375000.0,125900006.68713537,4.570026767147893e-06
141.8878194545,106481250.0,6327230500.48,-52.23688250000001,1082211250.0,43713301.30946897,0.0
79.6724425,288912500.0,3195159906.5856247,-52.23688250000001,3985862500.0,40103702.1876871,0.0
12.590341304999999,87992500.0,759562111.8799999,27.5943,953461250.0,60328953.241192535,1.3661471477201766e-05
37.290989115,240343750.0,2119422096.486375,15.5278,820136250.0,56834697.78584807,0.0
0.476225,-871390937.5,52310935.125,-1.31707,2268750000.0,109845000.00000001,0.0
45.01754925,99713750.0,1410561808.7936249,70.237755,1831032500.0,31333598.392045405,0.0
11.053182249999999,-91750000.0,13192193606.605,7.54902,10562148750.0,468084400.97929186,3.937783324677022e-06
141.8878194545,868500000.0,9628713695.897625,20.687,10562148750.0,20492198.828370515,4.313556442922987e-07
24.6398815,564000000.0,15534204037.670837,47.8333,8532000000.0,468084400.97929186,0.0
116.827517,1220532500.0,15534204037.670837,15.0258,10562148750.0,205943013.07680148,5.600106367292402e-07
6.176638250000001,156908750.0,1079577600.8448,-9.59702,1356921250.0,174784009.86892828,0.0
20.38243,210917500.0,3075728955.1359997,8.71545,1351748750.0,150900994.39252335,1.3661471477201766e-05
6.076631,7453000.0,293988642.1552,0.862772,518517565.0,48380203.13479623,0.0
141.8878194545,1203750000.0,8716528832.05125,70.237755,4401250000.0,51001403.12082062,0.0
6.418055751500001,1341250.0,471303889.91205,-52.23688250000001,211611250.0,73434059.80882901,0.0
3.1145115,-191667500.0,155227557.944,-0.301294,381770000.0,49840097.85932721,0.0
28.021079,44698750.0,704662863.4016,-7.33666,636592500.0,25147599.184228413,0.0
70.5098735,-152500000.0,11976948113.408,-20.0515,3065000000.0,169861999.72983927,0.0
4.933691,2782300.0,55586909.7588,27.1053,15262277.5,11266800.0,1.3661471477201766e-05
16.90122525,50218750.0,1394859824.768,70.237755,1783330000.0,82530100.87348549,1.2673316476757949e-05
13.148572249999999,28910000.0,1855881711.193625,-7.97674,811520000.0,141147013.98044378,0.0
39.12016934,112137500.0,3601493058.8416247,-52.23688250000001,918927500.0,92062307.4900428,0.0
22.03493075,56250000.0,3327252804.53125,-52.23688250000001,1407125000.0,150999013.4428378,0.0
14.482478475,-21683750.0,465953443.9376,68.2697,856088750.0,32173598.23747986,1.3661471477201766e-05
16.19165,-309218750.0,346298902.94560003,-52.23688250000001,67627500.0,21387499.29411765,0.0
53.489592,455958750.0,6138037661.184,21.2416,3465480000.0,114751999.99999999,0.0
78.05327750000001,1220532500.0,15534204037.670837,29.9984,10562148750.0,468084400.97929186,5.836090824311288e-07
42.96025725,271100000.0,4871478246.09275,20.1786,959792500.0,113394997.0956645,5.620136972172518e-06
0.03714555,-49242500.0,1358371.80815,-0.024216,10743750.0,36568897.43589743,0.0
141.8878194545,1220532500.0,15534204037.670837,2.40447,10562148750.0,14378799.843498647,1.5238174039239985e-07
1.104842,-3211250.0,5812286.1221,-0.245203,7647500.0,5260739.655172414,0.0
37.664635249999996,-18358750.0,1912090342.214375,70.237755,1986750000.0,50766198.305727,1.050179196906831e-05
2.694957275,-2483750.0,116125706.1224,70.237755,319758750.0,43089998.939742,0.0
9.048275,171790000.0,973956290.5216,19.0,1046488750.0,107639996.63157894,0.0
8.13106565,-14597500.0,375686115.2688,42.75,208146250.0,46203798.05552302,0.0
4.581284500000001,-690125000.0,1724482501.632,-1.66436,3375500000.0,376418993.76299375,0.0
3.6859815,-96358750.0,695846925.2448,-8.32609,12576250.0,188781990.69767442,0.0
50.556045999999995,-871390937.5,7801758912.230375,0.0,744462500.0,154319008.89223763,0.0
10.715062500000002,180000000.0,508333293.39680004,1.07877,442500000.0,47441001.24444444,0.0
54.3372725,520882500.0,6883336948.608,32.7414,1091630000.0,126677998.94829099,0.0
0.2438272,-8363750.0,1507727.3975499999,-0.00579262,1391250.0,6183589.843749999,0.0
141.8878194545,46514625.0,415329309.19200003,10.9151,187771192.5,2751019.8725632452,1.3661471477201766e-05
141.8878194545,828133750.0,15534204037.670837,64.7801,10562148750.0,63662401.64879323,0.0
2.7430559999999997,-13441500.0,7699374.35465,-0.498299,23103228.75,2806860.0694444445,0.0
76.37220325,231333750.0,6669164012.672,70.237755,1373913750.0,87324494.10737668,0.0
11.057944500000001,150000000.0,1982191881.3503752,-29.0,6553750000.0,179255003.6175688,1.3661471477201766e-05
2.2954045,-15348500.0,2349231.2593,-0.0164023,332596.25,1023449.7925311204,0.0
1.885584314,1220532500.0,15534204037.670837,7.99294,1869189722.5,468084400.97929186,4.992049118585203e-06
21.982546,-223881250.0,1415937588.9856248,-8.38182,77878750.0,64411901.55979317,0.0
9.086373,49896250.0,478136757.64,-30.7742,2354417500.0,52621299.79035639,1.09614820786193e-05
125.29955975,1220532500.0,15534204037.670837,70.237755,10562148750.0,468084400.97929186,5.48613264290842e-08
75.7483485,247496250.0,1010089043.2896,7.61377,356450000.0,13334799.547340626,1.3661471477201766e-05
13.86290975,5320000.0,402641303.66400003,70.237755,85555000.0,29044501.54586053,1.3661471477201766e-05
29.442991605,616082500.0,6746958325.684126,28.3678,6486367386.25,229153287.6889575,8.76252262815116e-06
6.0178076879999995,-15413750.0,129898026.448,-2.48459,433520000.0,21585606.118159488,0.0
14.100736515000001,189405000.0,698739447.3184,-4.28904,415575000.0,49553400.744358204,0.0
0.49165469000000006,-16797500.0,28992926.596699998,-2.24435,0.0,58970100.736148775,0.0
0.5623264800000001,-160280000.0,66415816.7024,-0.480317,620000.0,118108997.28997289,0.0
21.0205715,542452500.0,4037294922.662375,20.5234,6768613750.0,192063994.20027068,4.934646931084767e-06
47.60345100000001,460740000.0,2821432790.4767504,10.586,1274892500.0,59269501.08043112,5.305814850712943e-06
5.38610475,-22110000.0,209842656.2992,-9.98246,903636250.0,38960002.82935455,0.0
98.69953615,1220532500.0,15534204037.670837,14.9283,10562148750.0,346147316.81897575,1.1533619160625563e-06
9.50068875,125085000.0,2804280522.265625,59.7647,425518750.0,295166023.85965174,1.3661471477201766e-05
7.679318615000001,-108422500.0,410983333.1792,-3.0,62988750.0,53518203.083334364,0.0
10.5626705,-8000000.0,2452937474.598375,-8.70079,1026625000.0,232227018.2146054,0.0
0.36514170895000003,-324347500.0,463393513.5942,-1.22977,422790000.0,468084400.97929186,0.0
0.40441026999999996,-14562500.0,12780617.9562,-0.316791,262360000.0,31603099.387658976,0.0
2.402555125,17365000.0,96392671.77160001,20.6667,98108750.0,40120899.108027756,0.0
141.8878194545,484080000.0,15534204037.670837,70.237755,2773181250.0,120134995.27541447,0.0
0.82386925,-38660000.0,6179587.98765,-0.0013334,18771250.0,7500690.1734104045,0.0
3.88313865,17152875.0,1045810415.7585,4.71721,657179906.25,269320905.0772627,1.3661471477201766e-05
11.257959,-61947500.0,168422434.50320002,-3.38244,420696250.0,14960299.153976314,0.0
25.665193925,71728750.0,884767331.4575,33.8919,896371250.0,34473432.54225966,1.3661471477201766e-05
74.2625265,1036250000.0,11572701146.675251,30.4319,10562148750.0,155835004.43760487,0.0
35.393042,-236593750.0,2105886029.478375,-52.23688250000001,1044093750.0,59500000.8611403,0.0
0.2266831,-17916250.0,4783284.85825,-0.0430189,-7077500.0,21101197.478991594,0.0
1.7810815,-5537500.0,77801739.2648,-6.48276,61023750.0,43682301.60427807,0.0
6.8004929999999995,69820750.0,318957400.8304,7.84615,629674387.5,46902099.71988796,1.3661471477201766e-05
4.8479705,126250000.0,539448234.7808,-1.25862,7036250000.0,111273002.75049116,0.0
16.69168625,-226413750.0,1443991127.481625,-52.23688250000001,724556250.0,86509601.59771904,1.3661471477201766e-05
4.475619697,105987500.0,250661283.05415002,6.35008,341043750.0,56005938.84734394,0.0
22.344477,383750000.0,15534204037.670837,-25.6882,2797500000.0,468084400.97929186,0.0
8.054174361500001,-262193750.0,2255088364.911125,-15.9194,767944756.25,279990010.60751057,1.3661471477201766e-05
45.374717999999994,800000000.0,7772144635.8272505,-52.23688250000001,10562148750.0,171287998.65659222,0.0
56.923174249999995,1220532500.0,15534204037.670837,8.31844,10562148750.0,468084400.97929186,1.4543428520428093e-06
35.0977825,471961250.0,2899248534.566375,12.0097,1991383750.0,82604892.04884596,1.3661471477201766e-05
14.639156499999999,-490961250.0,2930144366.73275,29.2141,4838375.0,200158005.46518853,0.0
141.8878194545,761203750.0,8480685509.8880005,20.8699,3729343750.0,33827498.82227794,1.5681957531019961e-06
103.75514075,657717500.0,12168714304.972752,32.9331,10562148750.0,117283001.2759898,2.313268213429638e-06
9.01874905,138726250.0,477862909.21599996,-4.05042,232235000.0,52985497.94064843,0.0
11.108710085,344341250.0,2616270583.96175,11.1804,523336353.75,235515245.59943992,1.3661471477201766e-05
141.8878194545,972551250.0,15534204037.670837,57.1935,10562148750.0,124687701.51942371,3.77847042285146e-07
128.1711965,1220532500.0,15534204037.670837,22.3894,10562148750.0,233300011.83027107,8.07721023150196e-07
18.2394175,65712500.0,1324579316.4672499,-29.5385,272061250.0,72621799.26893225,1.3661471477201766e-05
1.02388375,-17831250.0,101320769.9852,-7.57143,154687500.0,98957298.60465115,0.0
1.4082925700000002,-133793750.0,32128786.310999997,-0.138091,103280000.0,22813999.72947382,0.0
1.897947115,638750.0,81472222.4984,9.85,369623750.0,42926497.716665834,0.0
81.92022449999999,218925000.0,2559720377.702375,33.0265,1562517500.0,31246501.011509985,5.768843006693816e-06
141.8878194545,1220532500.0,15534204037.670837,6.83326,5546648750.0,152463009.56702688,0.0
1.72793479,-81512500.0,78617752.7072,-0.59,1633752500.0,45498101.64259729,0.0
8.405276005,615285000.0,850411781.8131,1.85868,1826241250.0,101175949.64248887,1.3661471477201766e-05
26.1828505,-62032500.0,1063864156.9408,-19.4965,239288750.0,40632098.3630411,0.0
141.8878194545,9180000.0,4253800065.766375,-52.23688250000001,2880346250.0,24425300.913316783,0.0
141.8878194545,1220532500.0,15534204037.670837,38.7987,5856621250.0,146932003.3124941,2.9128603642217046e-07
64.995188,262080000.0,3054552806.64325,16.2209,1022033750.0,46996599.296601005,2.3743860260743767e-06
0.7162424000000001,-22030875.0,28320009.2423,-0.977013,0.0,39539699.4680851,0.0
25.19477887,277395000.0,2589163752.19225,70.237755,880673546.25,102765885.16818564,8.803566395018618e-06
7.22433325,237463750.0,2839524037.23525,4.69753,6817903750.0,393049979.6967768,1.3661471477201766e-05
12.210409,125926250.0,3398486433.35675,47.5185,379360000.0,278326994.0717588,1.3661471477201766e-05
75.37213075,295432500.0,4110027357.286375,18.479,535156250.0,54529801.882858075,3.3839799083923504e-06
34.5453615,83312500.0,902936315.28,5.19915,1369303750.0,26137700.5789909,1.1362830718375091e-05
0.31430850000000005,-532866250.0,1278305.05135,-0.00421402,161050000.0,4067039.3939393936,0.0
69.33836000000001,1220532500.0,15534204037.670837,11.9446,10562148750.0,468084400.97929186,5.649431951736099e-07
82.329778,47460000.0,1292190652.2687502,8.34363,1936411250.0,15695301.064321466,1.3661471477201766e-05
83.61082325,1220532500.0,15534204037.670837,12.6906,10562148750.0,298620003.32630384,1.1749803518433125e-06
126.66156325,1220532500.0,15534204037.670837,25.7249,10562148750.0,308115020.25040144,4.199984970966336e-07
1.3552315805000001,-27612250.0,466991267.7458,-17.4165,0.0,344584109.8046933,0.0
2.50018125,-223515000.0,736718398.688,-10.0385,41318750.0,294665996.19047624,0.0
15.6678025,116816250.0,582836004.928,-6.37597,299246250.0,37199601.21580546,0.0
9.879859095,237333750.0,2329853663.0975,-52.23688250000001,1386977500.0,235818511.24542785,0.0
27.640099,-109037500.0,814418263.9008,0.0,491393750.0,29465099.379738115,0.0
12.2770805,11857550.0,124929117.6568,11.307,52782476.25,10175800.15515904,1.3661471477201766e-05
4.238402499999999,1220532500.0,6985183570.047999,-17.2413,10562148750.0,468084400.97929186,0.0
0.476225,-200838750.0,83033638.55000001,-0.292273,60482500.0,174358000.00000003,0.0
6.2194985,-72922500.0,396845073.944,-7.1413,0.0,63806603.36906585,0.0
1.0953175,-263935000.0,130827998.628,-0.714286,2830000.0,119442991.30434783,0.0
0.011429400000000001,-4186725.0,292355.47995,0.0,3396.25,25579250.0,0.0
9.8197595,-186250000.0,1220910330.5344,9.88785,8121250000.0,124331999.22405432,1.3661471477201766e-05
17.072666249999997,435740000.0,3105603151.3343754,10.3046,1339685000.0,181904988.11715338,1.1224148193249604e-05
67.757293,720150000.0,12372210535.47525,33.2603,1764180000.0,182595997.97582304,3.7613326952823656e-06
5.0765585,-206865000.0,879209124.7071999,-52.23688250000001,639215000.0,173189991.7448405,1.3661471477201766e-05
1.7429834999999998,-130967500.0,213820498.9576,-0.906863,37421250.0,122674998.90710384,0.0
0.2133488,-8815400.0,3865389.7442500005,-0.43822,720421.25,18117700.89285714,0.0
23.244542250000002,-11250000.0,4021398852.185625,52.234,7441250000.0,173004002.78631532,1.2357515836309323e-05
3.4161809885,-8013925.0,1248981862.7158,8.7651,0.0,365607638.1550883,0.0
4.038388,-100473750.0,477188026.00479996,-26.6438,27142500.0,118162996.22641508,0.0
10.183976379999999,-26572500.0,367231132.8032,70.237755,-19216250.0,36059699.97381318,1.3661471477201766e-05
135.9050905,350105000.0,4003410744.33275,22.9581,1252918750.0,29457400.967131175,0.0
0.353644685,-13123875.0,32793261.1486,-1.3235,375.0,92729404.79396714,0.0
1.076554235,-115146250.0,229038013.576,-2.97436,11255000.0,212751021.8526055,0.0
2.97640625,-60811250.0,305903136.3696,-52.23688250000001,645131250.0,102776002.56,0.0
46.9462605,218752500.0,15383914369.126251,70.237755,3762366250.0,327692007.9529284,0.0
44.153962835,847386250.0,2718924497.2595,8.26138,9664387137.5,61578266.65343526,6.726740672068913e-06
22.9635695,682252500.0,4572506111.232,8.89011,1618060000.0,199120006.63625053,5.5192654500794674e-06
5.390867,237650000.0,559264680.8928,14.9737,630307500.0,103742993.63957597,1.3661471477201766e-05
17.44412175,116553750.0,1778445727.968,-52.23688250000001,2896088750.0,101951004.0950041,0.0
23.793439185,677640000.0,3047035370.24,4.48561,3133737500.0,128061998.37478434,1.3661471477201766e-05
7.724274255,-43221000.0,327045027.1408,0.0,1900462.5,42339903.574643336,0.0
9.2101915,359428750.0,1749724468.6847498,20.2629,847326606.25,189976991.10650957,1.3661471477201766e-05
141.8878194545,259585000.0,1731494362.336,23.2333,935377500.0,3636020.0008000317,5.198031651606072e-07
3.34595685,161390000.0,1819866726.9632502,-52.23688250000001,1300464413.75,468084400.97929186,0.0
131.0094975,1220532500.0,15534204037.670837,23.5521,5118606250.0,155232995.2453638,1.4074595388246406e-06
25.078008500000003,-38365000.0,607248898.544,70.237755,218840000.0,24214398.784656283,0.0
8.349843415,-172951250.0,1301924234.09275,-7.48276,76371250.0,155921993.90876243,0.0
87.19679749999999,61802500.0,1959207510.342375,70.237755,257026250.0,22468801.22337492,4.174111193852502e-06
74.938766,251782500.0,11888735333.68325,50.1401,1448825000.0,158645998.1698024,4.274045857176772e-07
33.164308999999996,154858750.0,488997796.4368,6.08741,328103750.0,14744700.28719127,0.0
39.469528,48271250.0,232708374.896,8.06226,74978750.0,5895899.613899614,1.3661471477201766e-05
14.715447745,296250000.0,4081667815.654375,5.52536,10562148750.0,277372995.1262434,1.361545145512788e-05
11.670465095,-511766250.0,1381842961.11375,-6.51402,4953497568.75,118405132.08901809,0.0
0.46670049999999996,-67408500.0,71837344.9728,-0.244059,0.0,153926008.16326532,0.0
28.478254999999997,619480000.0,2812381437.158375,7.8534,3403025000.0,98755399.06354427,1.3661471477201766e-05
38.079998695,39460500.0,726212689.46025,17.2677,1346165578.75,19070712.036437217,0.0
44.336547499999995,-44105000.0,1357248138.1183748,-52.23688250000001,0.0,30612400.257786762,0.0
1.7048854999999998,-115245000.0,337195644.912,-3.76209,84608750.0,197781988.82681566,0.0
141.8878194545,1220532500.0,15534204037.670837,26.8669,10562148750.0,226096006.43235436,5.164405828242192e-07
0.8476805,-17133750.0,14404634.7365,-0.385202,497500.0,16993000.0,0.0
4.3526965,-57580000.0,34838373.218,-8.86539,79711250.0,8003859.956236323,0.0
0.800058,-40868375.0,81277092.162,-2.01163,96282003.75,101589000.0,0.0
9.0387505,-305047500.0,1593396000.4543753,-6.44932,20776250.0,176284985.4583745,0.0
6.4290375,-11544325.0,79711706.29879999,-10.9408,0.0,12398699.851851853,0.0
4.3526965,-20240000.0,467261973.0848,-24.0526,168296250.0,107350000.87527353,0.0
19.60618325,40472500.0,3024371388.17275,21.1224,782503750.0,154255999.22273245,1.3661471477201766e-05
35.6502035,39417500.0,614281545.5167999,25.6096,575091250.0,17230800.534330748,0.0
25.9161645,32551250.0,286790863.2112,7.39402,549361250.0,11066099.816244029,0.0
2.7385604359999998,36305750.0,305431569.80255,15.1601,108613853.75,111529972.38529813,0.0
3.23833,-44783750.0,294329878.3216,-2.23179,206600000.0,90889402.35294119,0.0
27.01624425,-186797500.0,7703898377.855999,-52.23688250000001,3341456250.0,285158007.4034902,4.9924723969040555e-06
2.15729925,552500.0,74851818.74440001,-44.2,145767500.0,34697003.09050773,0.0
23.896970500000002,35682500.0,202456094.14560002,8.77273,98733750.0,8472040.175368672,0.0
4.638431499999999,25035000.0,201512940.0576,-2.31905,688776250.0,43444198.76796714,0.0
21.668237499999996,139818750.0,854103396.1024,-40.4464,1232903750.0,39417298.98901099,0.0
87.27299349999998,-256183750.0,5528351161.16475,-10.0707,453495000.0,63345497.15158734,0.0
1.0569337650000001,-51113750.0,117373545.1556,-3.17143,15528750.0,111050993.96233214,0.0
57.0231815,-126647500.0,15123403536.793749,-52.23688250000001,2686020000.0,265215007.98396787,0.0
3.162134,-104795000.0,125370703.9552,-1.62255,0.0,39647498.79518072,0.0
57.71847,1220532500.0,15534204037.670837,32.1684,10562148750.0,273459994.1914174,2.448951667752819e-06
12.1437375,67820000.0,628660645.0688,32.0,135446250.0,51768299.921568625,1.3661471477201766e-05
1.619165,-55090000.0,167692065.3648,21.25,167161250.0,103567002.35294119,1.3661471477201766e-05
141.8878194545,18046250.0,770947531.5488,29.9427,227002500.0,1759950.0434858236,1.3661471477201766e-05
25.8590175,-53763750.0,553915660.7360001,-10.3793,48243750.0,21420599.631675873,0.0
13.677182000000002,-9681250.0,921199216.3872001,11.1318,899540000.0,67352998.32869081,0.0
46.0890555,88453750.0,878839909.3695999,14.4671,386412500.0,19068299.40070262,1.3661471477201766e-05
33.564338,242218750.0,2511686663.129625,24.6434,921827500.0,74832003.63223684,0.0
0.9589742825,-214050000.0,826660328.529,-39.2691,8842863313.75,468084400.97929186,0.0
11.8580025,-312278750.0,1123138915.0016,-17.1918,17320000.0,94715692.20883533,0.0
5.50039875,-189037500.0,715057338.8512001,-7.06259,-47733750.0,130001000.1731602,1.3661471477201766e-05
10.267411,14922500.0,1221996458.7968,20.037,1869765000.0,119017000.37105751,1.3661471477201766e-05
141.8878194545,854393750.0,15534204037.670837,53.871,4928576250.0,74697102.60021128,0.0
102.65029874999999,340018750.0,6148752891.31525,26.2909,2879011250.0,59899999.96288613,7.99269801026068e-06
54.3182235,240243750.0,6400913617.35675,70.237755,900026250.0,117840997.08925034,3.3752017745431634e-06
121.61357824999999,305350000.0,3894589689.6640005,27.8783,1703625000.0,32024299.80028978,6.882689098453548e-06
50.160779250000004,597726250.0,3872041037.862375,11.8416,9886540000.0,77192601.3861193,4.134899357585028e-06
3.1240360000000003,-115000000.0,957538917.4912,0.947368,10562148750.0,306507004.8780488,0.0
0.49889331000000003,-8843750.0,1478170.96915,-0.0262725,12935000.0,2962899.9618174876,0.0
3.43853499,-5965000.0,106698424.5988,-4.15909,117965000.0,31030198.880948424,0.0
0.7714844999999999,-39940000.0,33387228.0176,-0.963855,0.0,43276602.469135806,0.0
56.87555175,675323750.0,2987735376.064,70.237755,633983750.0,52531101.398308635,4.745567533721328e-06
25.4208905,360556250.0,970498455.0848,0.532125,2298431250.0,38177201.348819785,0.0
20.335569460000002,738222500.0,4878155385.388375,45.7723,1162540000.0,239882900.50021422,4.734064041742575e-06
1.1905625,5420000.0,54742063.75,-1.01626,103213750.0,45980000.0,0.0
4.36698325,-75805000.0,218474931.6176,-3.46617,30060000.0,50028800.0,0.0
141.8878194545,1220532500.0,15534204037.670837,22.0327,10562148750.0,468084400.97929186,9.22573777724532e-08
92.7781545,-871390937.5,10904495631.001625,3.38681,9322352500.0,117533008.60281312,1.909533526777833e-06
8.991128,35970000.0,300944727.3872,8.08547,791001250.0,33471298.305084743,1.3661471477201766e-05
15.305871499999999,-360072500.0,125971296.06639999,-3.9802,670640000.0,8230259.614187928,0.0
141.8878194545,1220532500.0,15534204037.670837,70.237755,10562148750.0,280593651.9395399,3.277383634407462e-08
29.5545235,1220532500.0,3462312591.846375,1.39422,10562148750.0,117150005.54302204,1.093333545016886e-05
93.79727600000001,338521250.0,5754313142.22075,40.4083,2770240000.0,61348403.57432927,0.0
64.6808795,1220532500.0,11171100192.716751,16.8504,10307500000.0,172711012.57546678,0.0
26.363816,48703750.0,415849666.9152,12.6682,229048750.0,15773500.578034682,1.3661471477201766e-05
10.315033499999998,65158750.0,1568431752.582375,70.237755,1739793750.0,152052996.49122566,0.0
85.84908075,1220532500.0,15534204037.670837,32.4101,10562148750.0,468084400.97929186,4.1634728752100324e-07
16.372615500000002,22995000.0,156315911.1296,13.8629,149388750.0,9547400.116346713,1.3661471477201766e-05
15.2392,-69273750.0,1826220010.3999999,-25.8548,899911250.0,119837000.0,0.0
22.1254135,211617500.0,4659545594.470375,22.1393,6412610000.0,210596994.92036048,1.0730660101134439e-05
16.6069182,588467500.0,4278819250.9543753,13.3948,2242004312.5,257652816.70107675,1.3661471477201766e-05
141.8878194545,211676250.0,5404276276.864,54.2911,1165483750.0,32443700.154382754,1.0433705108932752e-06
25.820919500000002,6587500.0,289759794.6336,48.4107,2876312500.0,11221900.700848395,0.0
21.58727925,1220532500.0,1200665114.2912002,-9.57656,1992474107.5,55619103.2870064,0.0
28.24223789,1138107500.0,6683477938.927875,9.98115,3042664413.75,236648312.53667605,1.0413384413918549e-05
18.401334,-871390937.5,2807969871.62875,-23.8025,7855875000.0,152595995.0310532,0.0
3.18594525,-143590000.0,145302998.46559998,-1.80645,-105423750.0,45607500.149476826,1.3661471477201766e-05
3.5901650299999996,-40967500.0,224029162.8416,-2.09444,102037500.0,62400798.00498753,0.0
0.51337055,-215688750.0,11659157.6086,-0.0315205,5198750.0,22710998.144712433,0.0
80.48202500000001,659875000.0,4486712097.331249,8.1919,10294625000.0,55748002.08284085,8.592511434582857e-06
25.09229525,1220532500.0,14036202434.713749,9.73061,8200000000.0,468084400.97929186,1.4461443609418816e-06
56.5469565,643593750.0,3516773835.238375,9.46105,1046673750.0,62192097.55768863,7.704859985164032e-06
7.1764345395,284297.5,234587484.4549,-52.23688250000001,125150626.25,32688584.165813945,0.0
9.5245e-05,5624625.0,814232.3609000001,0.0178253,88115273.75,468084400.97929186,0.0
32.12137625,85173750.0,2055087070.6303751,22.7517,981393750.0,63978798.87323866,3.588479342501976e-06
4.332980785,8327250.0,49253860.1698,28.4614,52122976.25,11367200.228606598,0.0
33.442519645000004,1220532500.0,15534204037.670837,19.4644,10562148750.0,468084400.97929186,3.3649105080002966e-06
2.56685275,17625000.0,130748800.50559999,26.0442,1375605000.0,50937398.14471243,0.0
97.969007,923467500.0,13134410461.44,70.237755,10562148750.0,134066995.9167801,5.715911286647051e-07
2.952595,471572500.0,2265868614.041625,4.35881,1361917593.75,468084400.97929186,0.0
73.3481745,171725000.0,4434124422.144,49.9806,1108156250.0,60453098.558628745,1.7466667063562342e-06
24.7637,58527500.0,684763333.1712,20.4488,378877500.0,27651899.076923076,1.3661471477201766e-05
2.32874025,-871390937.5,526372086.82879996,-0.38354,3534750000.0,226032975.05112472,0.0
141.8878194545,1220532500.0,15534204037.670837,32.2935,10562148750.0,407825968.2735357,2.357885412358872e-07
3.5335895,-8360000.0,272756352.4496,-27.7855,149031250.0,77189597.84366576,0.0
22.73002876,-133733750.0,3061418672.001375,-39.8364,0.0,134686088.80024025,0.0
0.041336330000000004,-459390000.0,6576279.60285,-0.0237158,80278750.0,159092004.60829493,0.0
67.538515235,373348750.0,12858185453.721249,70.237755,3235497500.0,190383004.55645558,0.0
1.3543839,-34231250.0,22818118.9556,-0.365239,0.0,16847600.562587906,0.0
14.6201075,21778750.0,166489402.94,11.0432,46536250.0,11387700.3257329,0.0
44.155582,953750000.0,5288558326.016,8.63262,5467500000.0,119771002.5884383,1.3661471477201766e-05
3.4097709999999997,-47768750.0,118171751.5928,-3.05042,65857500.0,34656800.0,0.0
22.954045,-13123750.0,543687231.6096,-18.1716,123430000.0,23685900.746887963,0.0
22.077124284999996,-56726250.0,3984700176.486375,-24.383,2679243750.0,180490000.647128,0.0
24.906567499999998,112931250.0,5563454475.494375,70.237755,1034210000.0,223372990.8986606,6.3338569867364105e-06
1.48105975,-60684250.0,167577466.5808,-2.80582,0.0,113146999.35691318,0.0
80.2629615,339168750.0,3473652507.264,23.0632,2550086250.0,43278399.43040228,0.0
4.8670195,-59413750.0,147447824.4304,3.23476,1943177500.0,30295301.761252448,1.3661471477201766e-05
0.86006235,-33785750.0,66101980.6176,-2.67113,0.0,76857196.01328903,0.0
133.6001615,1220532500.0,15534204037.670837,15.8697,10562148750.0,139318006.92949575,1.8543985486618118e-06
0.25506611,-11222500.0,806107.9624,-0.0170156,18637500.0,3160388.349514563,0.0
3.1037011925,-131547500.0,605857939.61155,70.237755,2442177601.25,195204983.35200158,1.3661471477201766e-05
0.045717600000000004,-13682500.0,6656344.45475,-0.00393695,127500.0,145596979.16666666,0.0
2.495419,-14617625.0,79109521.6912,-4.72216,456248.75,31701899.23664122,0.0
115.41789100000001,1220532500.0,15534204037.670837,23.4214,10562148750.0,468084400.97929186,3.003930003289342e-07
58.137547999999995,407490000.0,4055006530.470375,15.8161,2659822500.0,69748495.93709,1.2875749917459092e-05
2.6382865,-4797362.5,9279987.98845,-1.40782,3499997.5,3517429.9638989167,0.0
83.32985049999999,171731250.0,995625030.9152,10.1145,2161108750.0,11947999.725682935,1.0762598535866531e-05
116.3989145,1220532500.0,15534204037.670837,21.6114,7971250000.0,204783007.34800878,6.488048655398203e-07
0.008668409366499999,-771383750.0,1709271.53225,0.490883,3633867995.0,197183988.4322565,0.0
5.562308,-19614125.0,305170466.112,-2.49265,257429397.5,54864000.0,0.0
0.37774167,11046250.0,105606368.2876,-42.3334,45903750.0,279572990.41855776,0.0
141.8878194545,1220532500.0,14715090507.67375,11.0648,10562148750.0,100971994.82386875,3.5542594843521693e-07
13.943867999999998,37167500.0,246830175.7952,-3.80103,763711250.0,17701700.546448085,0.0
11.34844175,992625000.0,3833265442.0736246,6.11055,5332000000.0,337779012.00168073,1.3661471477201766e-05
16.8869385,113525000.0,1654756212.5567498,24.2055,5198993750.0,97990302.5380681,0.0
20.06335925,133125000.0,7300956374.297625,-17.7273,3217000000.0,363895012.95988727,3.1927324044916643e-06
27.71153275,311655000.0,2314179072.486375,31.4003,1227635000.0,83509602.0622091,1.3661471477201766e-05
25.1161065,1220532500.0,7591645211.5199995,70.237755,10562148750.0,302262025.02844137,1.9267727340318246e-12
1.8572775,-55316250.0,38315265.274399996,-0.519231,0.0,20629801.025641024,0.0
133.80493825,378175000.0,2422310827.66075,3.0294,3509448750.0,18103299.170729596,1.3661471477201766e-05
18.8299365,6073750.0,181907541.62640002,13.449,111562500.0,9660549.924127467,0.0
26.078081,65081250.0,556514066.2495999,20.6961,112228750.0,21340299.78086194,1.3661471477201766e-05
39.7838365,-150000000.0,8606755875.993626,12.7073,10562148750.0,216338006.41608873,0.0
2.552566,-190828750.0,721110105.2639999,-1.50562,0.0,282504000.0,0.0
1.4762975,2278687.5,51866019.0614,-20.4286,176738717.5,35132498.06451613,0.0
0.6333792500000001,-37163375.0,59671042.027399994,-0.871636,447560.0,94210604.51127818,0.0
44.34607200000001,281150000.0,4151315592.3712497,27.7262,1496158750.0,93611799.31271589,1.3661471477201766e-05
32.5642655,383767500.0,1387869420.857625,5.33281,704384463.75,42619398.888564676,1.3661471477201766e-05
5.814240549500001,1220532500.0,13116916670.375,18.2441,10562148750.0,468084400.97929186,1.8122017999616084e-06
23.68266925,-463750000.0,1625770156.9343748,-4.42576,116625000.0,68648096.19947612,0.0
141.8878194545,1220532500.0,15534204037.670837,22.2373,10562148750.0,16925972.855749335,0.0
0.382980145,-7795975.0,408727.72585,-0.573479,0.0,1067229.544889331,0.0
7.7243695,1997500.0,1605479223.09125,-18.9302,516842500.0,207845989.64242324,0.0
31.149877250000003,111256250.0,4337496190.4383745,-52.23688250000001,871432500.0,139246012.2916977,1.0771623293409275e-05
2.53827925,-344665000.0,825331603.632,-2.22314,884803750.0,325153981.23827386,0.0
2.3172441785,56015000.0,215744576.53835,11.6993,262575000.0,93103945.85951917,0.0
8.742329010999999,1853975.0,475995134.76455003,-52.23688250000001,239182048.75,54447176.9668736,0.0
5.9147145000000005,1220532500.0,15534204037.670837,0.0,10562148750.0,468084400.97929186,0.0
1.6297371950000001,-19302500.0,26182216.168300003,-1.8587,9513750.0,16065299.514931915,0.0
104.15993200000001,786250000.0,12123487285.299252,70.237755,10021250000.0,116393003.07242185,0.0
1.8191795,-23851250.0,86629868.7816,-11.9375,163750.0,47620297.38219895,0.0
141.8878194545,466836250.0,1401879366.02875,11.1737,1095727500.0,7082070.0765045835,1.3661471477201766e-05
19.30139925,-97887500.0,3215342703.0656247,-40.1176,679630000.0,166585990.0320763,0.0
26.33048025,161886250.0,4335550937.03675,54.5294,1066377500.0,164659014.79471686,0.0
32.6404615,15171250.0,93737203.07360001,11.273,252886250.0,2871809.9795739716,0.0
36.9264865,1220532500.0,15534204037.670837,18.9463,10562148750.0,468084400.97929186,9.484570581452648e-07
0.8100587250000001,-63022500.0,31981278.4746,-0.396712,41678750.0,39480197.530864194,0.0
4.228878,-15697500.0,49090507.3752,-3.49606,56405000.0,11608400.0,0.0
29.5354745,660221250.0,7277215895.142375,18.7212,8000736250.0,246388995.54982182,1.7349354728403298e-06
19.591896499999997,-141700000.0,955410549.8624,-6.10417,-123133750.0,48765598.05542052,1.3661471477201766e-05
74.49111450000001,80656250.0,1675580762.22725,34.0043,2752725000.0,22493699.731492806,1.3661471477201766e-05
1.197439189,1220532500.0,6556784937.20825,14.6359,4432018786.25,468084400.97929186,1.3661471477201766e-05
124.24710250000001,1092106250.0,15437453945.7025,26.6318,10562148750.0,124247999.63204373,5.726810606914294e-07
2.49275214,-35098875.0,59594720.304,-1.66242,0.0,23907198.532783125,0.0
28.87428371,858043750.0,6887807502.2235,13.5825,10562148750.0,238544705.4341318,3.2329591082229743e-06
3.0764134999999997,-9001700.0,26292136.5179,-7.1087,3549531.25,8546359.752321983,0.0
3.0907002500000003,-50782500.0,237638378.0096,-5.65517,930001250.0,76888199.69183359,1.3661471477201766e-05
88.2254435,188825000.0,1367256147.4559999,13.8089,2260468750.0,15497299.794882867,0.0
12.8104525,103060000.0,683701526.6719999,17.859,164495000.0,53370599.25650557,1.3661471477201766e-05
141.8878194545,942806250.0,15534204037.670837,34.6936,9292951250.0,40328197.820195615,1.3433652896888098e-06
13.500978749999998,-26500000.0,5698884392.49925,-52.23688250000001,2974625000.0,422108981.7283988,0.0
23.095198090000004,91932625.0,1278859004.842,21.7695,449012783.75,55373372.41526989,1.3661471477201766e-05
141.8878194545,53052875.0,924300698.3712,-23.1901,240866018.75,5599800.2077322565,0.0
15.324920500000001,13916250.0,93483089.4136,9.57738,53190000.0,6100070.105655687,1.3661471477201766e-05
9.55783575,-43227500.0,301557373.7056,32.4194,2587223750.0,31550800.996512208,1.3661471477201766e-05
37.4750977,1220532500.0,11383810165.45275,37.7333,10562148750.0,303769992.98530847,0.0
53.661032999999996,-497958750.0,2223831341.798375,33.9641,592731250.0,41442201.49094735,1.3661471477201766e-05
103.5579836,549392500.0,10369232507.238375,44.0367,8986442500.0,100129725.8479874,0.0
99.226241,575965000.0,4836882579.993626,13.295,1705308750.0,48746002.38049555,3.847907136919691e-06
141.8878194545,1220532500.0,15534204037.670837,26.3361,10562148750.0,137458008.15132195,5.279210600278329e-07
20.144412745000004,831250000.0,2240824147.02075,-20.4902,10562148750.0,111237998.11820972,1.3661471477201766e-05
141.8878194545,1220532500.0,15534204037.670837,70.237755,10562148750.0,50697399.16865397,0.0
1.895927921,-91628625.0,186520442.70415002,-1.54279,356850065.0,98379500.94947203,0.0
7.384440095,2580000.0,106820353.43800001,-16.8696,30347500.0,14465599.566624964,0.0
0.12229458,-382057500.0,2176721.6104,-0.00165464,1348750.0,17799003.115264796,0.0
21.058669499999997,40956250.0,852951922.1503999,31.0845,1272098750.0,40503599.81908639,1.3661471477201766e-05
11.486547,-183250000.0,474782640.1984,56.3182,1433625000.0,41333800.331674956,1.3661471477201766e-05
2.8573500000000003,-83406250.0,394485741.0,8.22741,420443750.0,138060000.0,0.0
8.8292115,-49873750.0,479592192.67520005,-8.94231,739327500.0,54318802.1574973,0.0
0.78196145,-41084125.0,15146515.1856,-0.283986,7377528.75,19369900.12180268,0.0
141.8878194545,643005000.0,12192541098.956749,34.9921,2769428750.0,72908304.27155682,1.246643326984607e-06
103.27891575000001,533875000.0,15534204037.670837,-52.23688250000001,10562148750.0,153959002.01964745,2.3214123504521293e-06
13.1723835,-8030000.0,1009887093.4112,-52.037,397927500.0,76666997.54157628,0.0
31.25464675,1220532500.0,5631492992.69125,8.75449,5142500000.0,180180983.5745864,9.35375842043385e-06
5.5908815,-128968750.0,455268235.03040004,-2.9397,0.0,81430492.6746167,0.0
15.324920500000001,14337500.0,658597687.7279999,-52.23688250000001,181438750.0,42975602.23741454,1.3661471477201766e-05
11.798474375000001,-7818750.0,370667938.14400005,-52.23688250000001,393203750.0,31416598.990918264,1.3661471477201766e-05
7.543404000000001,329127500.0,418468828.2192,2.51577,936835000.0,55474800.0,1.3661471477201766e-05
2.2430197499999998,76941250.0,1484845472.0640001,13.0,547651250.0,468084400.97929186,0.0
0.11696086,-102931250.0,20523939.3063,-0.198065,2282036250.0,175476986.97068405,0.0
8.267266,125125000.0,695213462.1792,13.3538,2500375000.0,84092305.99078342,1.3661471477201766e-05
5.561384123500001,-101884500.0,577805425.95175,-2.65526,301774222.5,103895975.01639825,1.3661471477201766e-05
2.019194,-61705000.0,119478733.9612,-3.73214,258192500.0,59171498.11320755,0.0
22.534109795,1220532500.0,15534204037.670837,-52.23688250000001,10562148750.0,468084400.97929186,2.7168043900925247e-07
0.044765150000000004,-66372500.0,41380276.043,-0.533333,101848750.0,468084400.97929186,0.0
90.89706575,842750000.0,9146517123.942375,27.1983,6338625000.0,100624998.7111644,6.405457312996018e-07
16.953609999999998,16902500.0,301857311.64,33.6604,118045000.0,17804898.876404498,1.3661471477201766e-05
0.11429399999999999,-25700750.0,1523859.0432,-0.0506009,78604522.5,13332800.000000002,0.0
56.8517405,124875000.0,919520039.4176,22.1074,634875000.0,16173999.798961302,1.3661471477201766e-05
7.543404000000001,-13301125.0,58038348.427600004,-5.82482,270992.5,7693920.202020202,0.0
27.697246,-413691250.0,3372582963.110375,-5.61333,785982500.0,121766003.85144338,0.0
16.248797,226442500.0,1465526067.69925,23.2906,748996278.75,90192896.60023755,0.0
19.125196,5806250.0,272172569.176,70.237755,41267500.0,14231099.601593625,1.3661471477201766e-05
0.92825777,-95521250.0,209996983.6776,-0.434389,119802500.0,226227014.15965524,0.0
141.8878194545,1220532500.0,15534204037.670837,66.1574,10562148750.0,312972526.8521115,5.7751099029290155e-08
90.32559575,53436250.0,7667396470.70725,-52.23688250000001,784016250.0,84886198.72410029,0.0
3.200232,-13747500.0,151362012.9504,-6.31265,16887500.0,47297200.0,0.0
8.0101045,118318750.0,12938080800.0,70.237755,1303957500.0,468084400.97929186,4.606150705133948e-06
10.548383750000001,582766250.0,1784005963.43675,-7.58772,592620000.0,169126001.2641036,1.3661471477201766e-05
15.886866,117500000.0,1725615566.6303751,-10.0419,2069625000.0,108619004.3165452,0.0
92.26383150000001,1220532500.0,13069264710.14375,7.47091,10562148750.0,141651007.74233237,2.612034858663791e-06
33.450044,1220532500.0,15534204037.670837,14.5556,10562148750.0,468084400.97929186,1.398116666657386e-06
4.1050595,-22597500.0,162942540.0968,-5.40964,107352500.0,39693100.69605568,0.0
4.3907945,-154945000.0,309809187.1568,-1.76562,0.0,70558799.13232104,0.0
10.03406075,1220532500.0,15534204037.670837,7.0,10562148750.0,468084400.97929186,2.267485969365293e-06
9.067324,-16395750.0,586899811.9136,-21.1778,0.0,64726904.20168067,0.0
17.772717,41926250.0,253332300.4984,8.04762,121927500.0,14253999.571275456,1.3661471477201766e-05
0.861872005,-29725000.0,49376646.213999994,-6.038,792272500.0,57289998.89490551,0.0
118.7990885,1220532500.0,15534204037.670837,38.5245,9710607500.0,468084400.97929186,3.311715052509388e-07
0.187365964,471807500.0,622016107.18425,2.52643,4511374641.25,468084400.97929186,0.0
18.158744985,147478750.0,1299221080.9855,21.0058,994479715.0,71547955.65765803,1.3661471477201766e-05
10.3340825,10057500.0,248796139.26959997,27.8718,24455000.0,24075300.276497696,0.0
21.753958,-120212500.0,1256797915.0527499,-7.94406,487445000.0,57773298.77407826,0.0
141.8878194545,1220532500.0,15534204037.670837,26.692,10562148750.0,281523010.98174787,1.6059381519965134e-07
19.66142535,66955125.0,675821213.48595,29.2256,442958847.5,34372951.169888094,0.0
9.50068875,126153750.0,1442736636.5376248,34.7586,481423750.0,151856004.8120327,1.0314425809351048e-05
141.8878194545,1220532500.0,15534204037.670837,18.6925,10562148750.0,98188699.67752257,3.368469517940565e-07
1.0000725000000001,-20963500.0,3855438.54665,-0.0970736,29271387.5,3855159.047619047,0.0
0.20172890999999998,-46086250.0,966785.32495,-0.516585,363062500.0,4792497.639282343,0.0
25.220875999999997,374933750.0,2887260526.4512496,7.48291,2039019292.5,114478994.56193551,1.3661471477201766e-05
12.315178499999998,42701250.0,246781410.3552,7.78443,855288750.0,20038800.928074244,0.0
4.5527109999999995,-240482500.0,755244694.128,-52.23688250000001,2362591250.0,165889004.18410042,1.3661471477201766e-05
31.868976999999997,1194638750.0,4808614229.734375,7.08613,4239863750.0,150886996.7722646,8.86281846783833e-06
17.439359500000002,167618750.0,1019930457.6928,8.59859,486163750.0,58484398.90770071,1.3661471477201766e-05
71.93378625,150456250.0,1891369419.104,25.255,3447570000.0,26293199.867593512,3.161346979392618e-06
1.053276357,553416250.0,1663375596.4645002,6.53234,2446786251.25,468084400.97929186,1.3661471477201766e-05
129.990376,946390000.0,11011496759.449625,22.5261,10018798750.0,84710092.37983607,1.2763137752312659e-06
8.91969425,2476250.0,379962021.44,4.44954,606922500.0,42598099.30592632,0.0
76.4722105,1220532500.0,15534204037.670837,55.9167,10562148750.0,468084400.97929186,1.6977783725250356e-07
48.336837499999994,-358831250.0,8907899048.24325,-15.1135,569988750.0,184287998.7389173,0.0
14.69154125,-307500000.0,1343211006.214375,-3.89141,308750000.0,91427508.0713111,0.0
141.8878194545,1220532500.0,15534204037.670837,36.9986,10562148750.0,468084400.97929186,0.0
9.438779499999999,-103245000.0,1170408597.0432,22.4788,725146250.0,123999993.5418769,1.3661471477201766e-05
141.8878194545,741125000.0,8182178597.324751,33.4026,3301125000.0,41084001.453849584,0.0
141.8878194545,499328750.0,6650764324.505625,70.237755,2272312500.0,39352999.8196575,2.038994969350087e-06
76.7388965,581250000.0,6060830753.612749,23.4174,1743750000.0,78979904.97703795,3.72710869488228e-06
25.1732535,57685000.0,343995040.68960005,12.4717,197370000.0,13665100.56753689,0.0
141.8878194545,1220532500.0,15534204037.670837,30.4316,10562148750.0,222314000.02658218,3.4418292539498605e-07
34.764425,263791250.0,2033958712.2687502,8.64859,789172500.0,58506899.28766979,1.3661471477201766e-05
141.8878194545,1220532500.0,15534204037.670837,20.1309,8218000000.0,107198995.58820781,8.647791176638455e-08
8.1624965,-359665000.0,14859498.1879,-7.08264,661622500.0,1820459.976662777,0.0
4.781299,-85573750.0,264739557.9408,-4.18487,0.0,55369797.609561756,0.0
140.45303925000002,432375000.0,5054019967.02725,-52.23688250000001,7638750000.0,35983699.56260843,5.654756052895093e-06
141.8878194545,567475000.0,10085444955.08475,37.2704,4446235000.0,66388398.144200295,1.2712750956551387e-06
8.0482025,-114864750.0,864867879.328,-10.7644,0.0,107460998.81656803,0.0
6.7719195,11237500.0,74193828.1864,-10.3795,367441250.0,10956100.140646977,1.3661471477201766e-05
5.1527544999999995,-1907500.0,17194947.4957,-8.77778,66743750.0,3337039.9260628466,0.0
69.52885,565000000.0,8809861982.976,21.2145,10562148750.0,126708006.57534246,0.0
24.100604309999998,59882500.0,1325971935.52,29.5698,235811250.0,55018202.799579516,0.0
11.277293735,113748750.0,2112510419.235625,-3.33437,1454056250.0,187324234.7744545,0.0
54.5277625,268650000.0,2865090294.4639997,20.4286,891756250.0,52543698.16593886,1.3661471477201766e-05
141.8878194545,1220532500.0,15534204037.670837,34.144,8792500000.0,451322991.27156705,2.0782648076758895e-07
43.06502675,-491182500.0,2450102983.398375,-11.5468,36753750.0,56893102.554461434,0.0
24.039837999999996,0.0,285571635.77599996,0.0,0.0,11879099.841521395,0.0
1.1059849400000001,-158596250.0,45690672.3336,-0.215328,599270000.0,41312201.171202205,0.0
115.10358249999999,1220532500.0,15534204037.670837,9.24924,10562148750.0,468084400.97929186,8.024154383829233e-11
58.0518275,442125000.0,7502734598.34875,53.6053,2391250000.0,129242005.31583178,0.0
18.0489275,-78045000.0,272634469.328,-19.0202,0.0,15105300.263852242,0.0
9.981676,-218750.0,79530100.7524,11.2935,48615000.0,7967609.923664122,1.3661471477201766e-05
21.8587275,-871390937.5,8674810973.44,-7.95423,2578896250.0,396858004.35729843,0.0
0.8552048550000001,-1651250.0,81084102.9332,-11.7203,11386250.0,94812491.3687493,0.0
14.229698245,352932500.0,3765305924.8896246,15.4227,359221250.0,264608979.05636683,1.3661471477201766e-05
43.869847,135270000.0,3395061148.8512497,-52.23688250000001,882421250.0,77389400.26053087,0.0
27.835351250000002,183466250.0,2582538946.214375,26.6396,328660000.0,92779103.91787761,1.3661471477201766e-05
0.1600116,-21375750.0,6720009132.00925,-6.05756,1157071196.25,468084400.97929186,0.0
14.14216809,-485980000.0,1976584920.5895,22.6148,536050886.25,139765339.23303837,1.3661471477201766e-05
28.935431,266250000.0,5688416403.14875,66.3043,1561250000.0,196590000.78999168,1.15131778967074e-05
2.343027,-119525000.0,78699937.7128,17.6626,655197500.0,33589001.62601626,0.0
3.0002174999999998,-6978750.0,275954024.264,-15.95,5981250.0,91978006.34920636,1.3661471477201766e-05
60.4139035,1051752500.0,8357599588.710375,16.8207,4512933750.0,138339009.80608502,3.0082052547673513e-06
36.165955175,26378750.0,148280418.12240002,38.8,672207500.0,4100000.0526710823,0.0
48.308264,595805000.0,2799541252.97925,13.5251,2165285000.0,57951601.26183068,0.0
3.518636035,-21518625.0,431602915.6096,-15.08,0.0,122661994.96521668,0.0
141.8878194545,1220532500.0,15534204037.670837,70.237755,10562148750.0,468084400.97929186,0.0
141.8878194545,1220532500.0,15534204037.670837,13.8541,10562148750.0,271984984.834049,1.9098404473272102e-07
5.04322275,-2483750.0,145425872.1352,13.175,731310000.0,28835901.038715765,1.3661471477201766e-05
58.63758425,756100000.0,12832659671.807499,17.5251,2050575000.0,218847004.62924507,5.657488537586541e-06
1.314476245,-37822500.0,33135053.5458,-0.57563,0.0,25207799.434823565,0.0
16.236891375,105206250.0,2759362431.654375,53.625,766096250.0,169944010.0894544,0.0
13.5533635,18842500.0,188084080.8216,19.6901,323367500.0,13877299.226985242,1.3661471477201766e-05
1.3000942500000001,-37955000.0,219808239.70400003,-13.8,8126250.0,169071003.66300365,0.0
141.8878194545,462625000.0,6591607944.550375,25.2139,2775000000.0,33351099.185581293,1.3799288544641213e-06
0.054765875000000006,-42528750.0,2332691.9650499998,-0.00782245,142500.0,42593895.65217391,0.0
6.2956945,10168087.5,110174653.75,22.7931,56007262.5,17500000.0,0.0
17.97616032,273500000.0,1545678825.9720001,11.2149,1186625000.0,85984926.61707637,0.0
13.64384625,1004031250.0,2539883815.846375,-52.23688250000001,763773750.0,186155998.04537338,1.3680300958341804e-06
26.516208,92750000.0,717624046.8288,11.7257,305095000.0,27063600.0,1.3661471477201766e-05
3.2494641405,1220532500.0,14096163439.66625,6.73421,10562148750.0,468084400.97929186,1.3506068570705195e-06
0.6857639999999999,-45341750.0,3976834.0138499998,-0.0568562,0.0,5799129.166666667,0.0
19.049,55413750.0,47673551.32,-1.16999,183842500.0,2502680.0,0.0
1.3715279999999999,-34184875.0,162878550.69599998,-13.0909,177191933.75,118757000.0,0.0
9.204191065,-190582500.0,1596835183.1103752,-12.4675,0.0,173490008.17491993,0.0
1.7334589999999999,-14933750.0,253790558.4816,-5.6875,186925000.0,146407015.3846154,0.0
80.565935845,913418750.0,5905483080.294375,10.8923,8048222500.0,73299999.7872038,2.09352475181145e-06
50.56633246,506567500.0,11450088250.265625,30.9477,1325770000.0,226436992.62395796,3.0968647773677554e-06
39.3647585,-214092500.0,12247046231.244751,-12.4727,2903748750.0,311117016.7916755,0.0
5.828994,-132805000.0,1184742954.304,-13.0061,43327500.0,203249986.92810458,0.0
2.952595,-100160000.0,85288948.7148,-0.775,1583696250.0,28886098.064516127,0.0
1.1596078749999998,7152500.0,90585782.23120001,-1.42857,149461250.0,78117598.35728954,0.0
6.495299446500001,80882250.0,252344429.83534998,5.76303,798535755.0,38850315.049189314,0.0
68.176371,-871390937.5,9504264293.017624,-17.98,5681125000.0,139407013.80273855,5.107575768454063e-06
61.5949415,-256572500.0,9892147528.703999,-9.76737,5298965000.0,160599998.76295036,0.0
46.3938395,1220532500.0,5790693135.769625,6.94233,4055743750.0,124815992.77355832,3.2799398197562537e-06
70.40034175,1220532500.0,15534204037.670837,22.0833,10562148750.0,468084400.97929186,3.0453676465117046e-07
139.2577145,1220532500.0,15534204037.670837,38.1299,10562148750.0,219080013.02236655,6.279790407483223e-07
14.534386999999999,-12728750.0,31789757.923699997,-12.4065,72122500.0,2187210.091743119,0.0
3.305096745,5247500.0,1440882.55165,-5.65217,0.0,435957.7533788652,0.0
64.073121155,1060592500.0,9761091384.01275,19.8493,10493910000.0,152342998.2503831,0.0
0.70233663,-57135000.0,34163970.041600004,-0.634953,10370000.0,48643298.07431516,0.0
12.643773750000001,-115018750.0,1523625212.91525,-14.8901,1801332500.0,120503992.165729,2.4218800455130394e-06
19.0204265,-598578750.0,10237020621.61925,-4.40512,-424948750.0,468084400.97929186,1.3661471477201766e-05
0.22877849,-53497500.0,6226618.063750001,-0.28866,326966250.0,27216798.501248963,0.0
18.2775155,23323750.0,179648055.9208,8.713,99053750.0,9828910.057321522,1.3661471477201766e-05
127.56162850000001,720487500.0,15534204037.670837,41.3006,3380036250.0,163175994.1461942,2.0517179504969032e-07
66.01907175,1220532500.0,6881960300.23675,8.76185,9232768750.0,104242003.3758919,0.0
141.8878194545,1220532500.0,15534204037.670837,26.1231,10562148750.0,196008005.5629831,2.6738327256314764e-07
3.18594525,5825000.0,155768503.8264,10.0606,333113750.0,48892398.206278026,1.3661471477201766e-05
0.0819107,-3363412.5,8270605.2897,-0.00443023,2685180.0,100971000.0,0.0
141.8878194545,-132337500.0,3789785931.9423747,-52.23688250000001,193513750.0,23132299.005871598,0.0
9.0653333795,132916250.0,721791941.3602,6.53867,357751891.25,79621113.87899235,0.0
141.8878194545,-871390937.5,15534204037.670837,-20.9945,6753875000.0,175282997.90345404,0.0
4.743201,-40853750.0,143016524.1368,-19.1538,772772500.0,30151900.401606426,0.0
1.8476577550000002,-22707500.0,16752010.6232,-1.0,104296250.0,9066619.928862313,0.0
6.438562,-23427750.0,190644540.72719997,-52.23688250000001,0.0,29609801.18343195,0.0
20.306234,-48712500.0,244566255.4824,-1.90182,0.0,12043900.18761726,0.0
39.698116,1220532500.0,12580968556.95375,7.44634,10562148750.0,316916010.74856424,2.130082423994927e-06
78.21995625,178667500.0,2332229600.102375,70.237755,1949905000.0,29816298.95890379,3.3217087630051267e-06
0.961307785,-84470000.0,193635264.2056,-1.67889,12645000.0,201428998.31566432,0.0
10.686488999999998,-266055000.0,730115923.8528,-3.75758,0.0,68321403.20855616,0.0
55.84690575,256826250.0,1924277679.0656252,10.3392,744003750.0,34456298.93408419,1.3661471477201766e-05
1.2962844500000001,-40888750.0,50504537.504,-1.61565,284063750.0,38960999.265246145,0.0
2.228637755,-21138750.0,59197301.017000005,-1.49032,0.0,26562100.944484808,0.0
141.8878194545,78231250.0,633912987.7408,-39.5733,89510000.0,1377429.963368447,0.0
51.42753775,790327500.0,4531408549.017625,6.23995,10562148750.0,88112492.78636959,6.293600475768772e-06
1.303046845,63219875.0,122269625.81,10.3934,1392678576.25,93833637.89196697,1.3661471477201766e-05
5.17618477,-58262500.0,30948096.907700002,-0.538,12701250.0,5978939.756375815,0.0
15.0772835,1051250000.0,5936032190.182375,12.5827,10562148750.0,393707008.9703078,2.9649645480543233e-06
22.5063935,1220532500.0,15534204037.670837,5.94987,7070000000.0,468084400.97929186,2.5949701718285977e-06
3.6297964745,1077081250.0,15534204037.670837,70.237755,4461147483.75,468084400.97929186,2.893824341846853e-06
0.515370695,-12430787.5,3929732.504,-0.178247,510250.0,7625060.062834967,0.0
62.71006996,-871390937.5,15534204037.670837,-7.19365,6235000000.0,384395970.88734454,0.0
36.0483276,1157527500.0,9296683469.26075,20.8812,4339426250.0,257895000.63411403,0.0
42.09829,524287500.0,1926316805.93925,8.59459,795045000.0,45757602.17194689,4.955713915056327e-06
125.228126,118785000.0,12799691308.44125,70.237755,1717651250.0,102210994.58472492,9.045950578795666e-07
88.38736,60432500.0,1438999253.2159998,30.4935,1130506250.0,16280599.999999998,0.0
23.23978,16995000.0,109482603.57999998,9.00369,72987500.0,4711000.0,1.3661471477201766e-05
1.4762975,-1990000.0,11689736.9683,8.1579,46192500.0,7918280.0,0.0
13.92958125,1220532500.0,15534204037.670837,9.51623,9015000000.0,468084400.97929186,2.6138629895987405e-06
10.69125125,16125000.0,2148118363.481625,70.237755,2150125000.0,200923008.28508028,0.0
5.181328,10197950.0,135100018.8032,19.4286,197670378.75,26074400.0,0.0
1.771557,-1157331.25,34979217.714200005,2.09195,141242237.5,19744901.075268816,0.0
45.94142575,304348750.0,2249402475.57125,22.8667,891113750.0,48962400.24878309,0.0
66.36443012,1010000000.0,5061502783.77775,40.2776,1427500000.0,76268307.80623826,7.75211961272783e-07
10.610292999999999,187128.75,248843213.1584,61.8889,0.0,23453001.07719928,0.0
48.07967599999999,-323175000.0,3848085746.9440002,-14.8827,1731250.0,80035600.63391443,0.0
8.419658,3206125.0,96872378.9288,-6.9685,179029938.75,11505500.452488689,0.0
21.83491625,1220532500.0,15534204037.670837,9.51653,8930000000.0,468084400.97929186,2.6076891515359742e-06
34.0310385,1220532500.0,13170351566.02875,25.913,10562148750.0,387009981.0803232,4.671192693039893e-06
9.80547275,-23736625.0,1020975257.2448001,12.4798,2420463607.5,104123001.8455561,1.3661471477201766e-05
6.238452255,-46993750.0,140227933.4072,-4.61348,560807500.0,22478000.58016153,0.0
22.6016385,42266250.0,252150652.9304,10.2284,125632500.0,11156299.705014748,1.3661471477201766e-05
141.8878194545,1220532500.0,15534204037.670837,-52.23688250000001,10562148750.0,274801861.1174735,0.0
84.1870555,870625000.0,10448287137.33125,25.9952,5965125000.0,124108000.63355641,1.269286996584917e-06
141.8878194545,225857500.0,9987264519.424,61.0113,1121517500.0,49383603.833564885,0.0
109.50317650000001,226152500.0,15534204037.670837,-52.23688250000001,2992146250.0,337151995.5466657,0.0
55.261148999999996,387521250.0,3702497013.478375,28.1106,1409060000.0,67000000.551533505,2.7715552403267143e-06
4.3907945,11407500.0,229759742.088,70.237755,77045000.0,52327600.86767896,0.0
25.868541999999998,46073750.0,942008100.1600001,32.8434,538946250.0,36415198.82179676,0.0
34.212004,52285000.0,662717270.1856,9.84848,162626250.0,19370898.886414252,1.3661471477201766e-05
9.556883299999999,267526250.0,1717589594.313375,22.1157,596705000.0,179722775.76240522,1.1446200573810094e-05
7.4957815000000005,14695250.0,454149159.61759996,29.2089,556933263.75,60587299.61880559,0.0
12.458046,444291250.0,1525662145.3439999,29.0667,3885110000.0,122463999.99999999,1.3661471477201766e-05
4.8119012185,180953750.0,2861955826.279125,32.691,1193576342.5,468084400.97929186,6.962065877133044e-06
39.0028275,26881250.0,545821207.264,70.237755,689875000.0,13994400.976800976,0.0
17.887011,71048250.0,480556041.5968,9.41448,1013044957.5,26866201.49094782,1.3661471477201766e-05
19.08233575,1220532500.0,13566090914.09875,-23.6118,10562148750.0,468084400.97929186,3.1127058094616436e-06
38.379925199999995,113158750.0,6582195239.321625,44.2527,1055000000.0,171500991.86023495,1.3911677133636245e-06
4.071723749999999,38687500.0,303621553.824,7.39655,341918750.0,74568308.77192983,0.0
62.695021249999996,623628750.0,3279620185.7023754,7.45675,2109157500.0,52310695.81465969,4.716361689512941e-06
11.1722385,-75742500.0,1797490095.25125,70.237755,454441250.0,160888983.46121505,0.0
13.981966,18835000.0,272052697.62880003,29.56,161283750.0,19457399.455040876,1.3661471477201766e-05
0.09086373,-49259250.0,15973843.734,-0.733671,44987878.75,175800000.0,0.0
85.2347505,-184558750.0,13066487030.68125,-30.6587,5884610000.0,153299997.40752745,0.0
141.8878194545,1220532500.0,15534204037.670837,23.9323,10562148750.0,315799983.1359742,1.8658951058808092e-07
20.5252975,-21806000.0,534714756.3904,-20.2851,0.0,26051498.46867749,0.0
1.2858075,-50552500.0,270389887.56,-2.07812,218121250.0,210288000.00000003,0.0
23.911257250000002,96203750.0,360686963.1472,11.9479,770408750.0,15084399.761003781,9.622887308470617e-06
5.314671,-32233750.0,871435974.5280001,10.6538,56996250.0,163968000.00000003,0.0
141.8878194545,620872500.0,9632533980.46725,50.15,4058538750.0,59659199.24492717,7.153971648554445e-07
1.9239490000000001,-24973750.0,246900367.55040002,-4.0,904456250.0,128329996.03960396,0.0
25.573282499999998,430000.0,1071354284.6976,-38.3571,471217500.0,41893498.99441341,0.0
17.56794025,120397500.0,531753414.08959997,6.25085,296211250.0,30268398.373542964,1.3661471477201766e-05
26.5638305,3991250.0,89202931.5056,20.403,67305000.0,3358059.806382216,0.0
8.047154805,42918875.0,358161860.0905,9.68203,60606562.5,44507887.41729692,0.0
14.7534505,273978750.0,1153787628.3008,7.66832,1683068750.0,78204595.48095545,0.0
0.9143519999999999,-24223750.0,1996660.9379000003,-0.0299119,9286250.0,2183689.5833333335,0.0
24.877994,-22791250.0,1777184409.862375,-25.0571,464620000.0,71436001.22511384,1.3661471477201766e-05
55.604031000000006,29251250.0,741907894.8992001,-5.0375,834311250.0,13342699.828708462,0.0
0.544896645,-132596250.0,4297484.8784,-0.752763,275178750.0,7886789.022898095,0.0
5.08132075,-79232500.0,287706922.0016,-3.97761,0.0,56620500.09372071,0.0
27.15911175,60541250.0,392631130.36,11.9292,153336250.0,14456699.982465368,1.3661471477201766e-05
0.126009135,-72197500.0,125750822.9404,-5.76087,32596250.0,468084400.97929186,0.0
6.6338142499999995,64822500.0,892566466.3776,28.2093,522791537.5,134548004.0201005,0.0
10.2578865,6980375.0,63752358.8538,15.6087,13553975.0,6214960.445682451,1.3661471477201766e-05
141.8878194545,1220532500.0,13015831442.227499,31.6047,10562148750.0,83900001.57171117,0.0
141.8878194545,479690000.0,6733744084.864,29.3897,3572113750.0,28234499.680511184,1.9497325461939e-06
7.1544234200000005,227945000.0,718525902.6848,5.22535,599440000.0,100431000.5857607,0.0
10.47695,-80926250.0,823860228.3936,33.3939,2541268750.0,78635502.54545455,0.0
141.8878194545,1220532500.0,15534204037.670837,12.7044,10562148750.0,397496003.680579,6.124293850175802e-07
22.27304325,1220532500.0,15534204037.670837,46.8954,10562148750.0,468084400.97929186,1.0078670596030004e-06
4.0479125,-112478750.0,197735264.2912,-2.46243,0.0,48848700.23529412,0.0
6.971933999999999,-40558750.0,50818289.7732,1.82544,231705000.0,7288980.327868852,0.0
0.4476515,-17481250.0,6877762.41115,-0.226117,91250.0,15364100.0,0.0
37.088403,-24487500.0,2749556189.32475,0.0,410846250.0,74135200.4108872,0.0
5.867092,-66865000.0,1775716326.29125,-10.8621,643466250.0,302656976.62338513,2.12299534795271e-06
14.2581765,350418750.0,3432556408.01275,21.6286,1737881250.0,240743015.63125905,1.3661471477201766e-05
57.470833,1220532500.0,14741268771.175001,23.1832,4953750000.0,256500001.85615894,2.6050250895017835e-06
18.620397500000003,103320000.0,616510187.0816,15.3937,232487500.0,33109399.897698205,0.0
10.062443759999999,164721250.0,2911620770.5361247,26.388,416184997.5,289355234.1738628,1.3661471477201766e-05
8.69110625,1621250.0,688021900.8288001,-32.2069,2500843750.0,79163904.0,1.3661471477201766e-05
2.8287765,-338562500.0,591531126.7072,-1.18776,26250.0,209112005.38720542,0.0
38.47212236,156442500.0,1957153753.83675,22.6136,4378105000.0,50871998.57400199,1.3661471477201766e-05
84.78233675,189750000.0,7511273914.547251,44.1457,3644000000.0,88594797.01174018,0.0
141.8878194545,731008750.0,15534204037.670837,58.4802,2905807500.0,87386606.53699672,0.0
9.77327994,162492500.0,1760695473.54875,2.53483,2183988750.0,180153999.92203128,0.0
3.695506,-567696250.0,2574041812.121625,-3.44737,1635000.0,468084400.97929186,0.0
0.8333937499999999,14128750.0,139768471.5272,-0.704803,224282500.0,167710006.85714287,0.0
95.44215715,68257875.0,1541507991.227375,15.8972,830057130.0,16151227.479117963,7.254000669238582e-06
83.203079405,394096250.0,899707968.8608999,-4.10015,1080232007.5,10813397.476329861,7.007551581411803e-06
17.296492,26393750.0,131496923.312,5.07263,87293750.0,7602519.823788546,1.3661471477201766e-05
104.521863,1220532500.0,15534204037.670837,33.3207,6346250000.0,247105999.19810557,1.1846987537214517e-07
111.0270965,1178556250.0,15534204037.670837,70.237755,7274095000.0,293336004.5294664,8.548818059134615e-07
0.316118155,-17969875.0,172750047.28,-8.9688,0.0,468084400.97929186,0.0
98.31188900000001,522397500.0,5235491774.208,19.2216,2278542500.0,53253902.73202867,7.586870863913983e-06
2.5068388754999997,145692500.0,85510659.07335,0.462276,424833750.0,34110951.40938985,1.3661471477201766e-05
25.649478499999997,-25277500.0,877979077.44,-14.8315,827911250.0,34229899.74006684,0.0
31.259408999999998,-871390937.5,3645472170.9056253,-3.72022,8058125000.0,116619996.5874475,0.0
9.74832575,291750000.0,1416646150.8287501,11.8046,1308500000.0,145321995.50561288,0.0
53.36101125,103595000.0,2288077614.553625,11.7512,718392500.0,42879202.64167829,1.1706661447857206e-05
19.30139925,93102500.0,4459819907.78875,70.237755,818236250.0,231061999.70392042,8.75447345571367e-06
38.5456515,-871390937.5,9910279494.60475,0.0,4012500000.0,257104993.92142197,0.0
141.8878194545,1220532500.0,15534204037.670837,11.2165,10562148750.0,12945399.21344284,0.0
75.6473888,336787500.0,4132397527.577625,29.337,4435415000.0,54627100.725221924,3.16499076207385e-06
4.6603092765,1220532500.0,15534204037.670837,2.17045,10562148750.0,468084400.97929186,3.0086833640057305e-06
0.32107089499999997,-871390937.5,52214474.79880001,-0.530968,450790000.0,162625998.22011274,0.0
21.76805426,73375000.0,2246461592.848875,0.224758,2426250000.0,103199926.18618523,5.25092996806625e-06
1.5334444999999999,12679625.0,71804153.99520001,9.0,72515842.5,46825401.24223603,0.0
100.673965,635896250.0,2959129812.7872505,5.12426,2755367500.0,29393198.25922472,0.0
29.9926505,-4856250.0,1835748167.808,20.2244,584531250.0,61206600.190536685,1.3661471477201766e-05
2.847349275,104273750.0,341046956.4928,10.4483,800461250.0,119777000.83626023,0.0
3.1526094999999996,57183750.0,504385974.856,-28.1667,215487500.0,159989993.95770395,0.0
25.0399105,13711250.0,113277301.53279999,9.16028,57391250.0,4523870.064663369,1.3661471477201766e-05
31.983271000000002,512500000.0,8785677250.662374,70.237755,8592500000.0,274696020.01191103,0.0
67.55251625,332156250.0,3347727218.3423753,-43.7546,1391487500.0,49557402.21360555,0.0
34.7739495,304521250.0,2091114002.393625,15.9348,4101397500.0,60134498.164887056,0.0
10.915077,-31265000.0,300691817.624,-5.95361,910266250.0,27548300.17452007,0.0
40.931538749999994,-315561250.0,4838885376.614375,-13.6548,13248750.0,118218995.04362942,0.0
32.326153,727750000.0,4968529274.16325,15.5413,3758250000.0,153699986.3288171,7.425713518858851e-07
79.4438545,1220532500.0,15534204037.670837,19.0456,10562148750.0,468084400.97929186,4.5951463344874057e-07
6.58619175,-62067500.0,346550928.8352,-7.3617,24048750.0,52617801.30151844,0.0
16.2392725,20998750.0,937411957.44,70.237755,166892500.0,57724997.06744868,0.0
21.887301,-281693750.0,1671237590.2272499,-4.79055,360000.0,76356495.03916678,0.0
89.416672715,157156250.0,2343691429.12,32.8097,557416250.0,26210899.577868506,0.0
24.7637,95000000.0,600747551.04,10.8333,308690000.0,24259200.0,1.3661471477201766e-05
1.3581937,-20452500.0,1233132.25275,-0.164887,189142500.0,907920.757363254,0.0
141.8878194545,1220532500.0,15534204037.670837,14.9667,10562148750.0,403257374.828943,4.2599771068434156e-07
13.581937,274663750.0,1179740595.4688,11.5161,318911250.0,86860997.47545584,1.3661471477201766e-05
0.0666715,-418662500.0,2753566.28575,-0.00697211,644238750.0,41300499.99999999,0.0
54.213454,92513750.0,633093850.2624,8.92163,268216250.0,11677799.578355586,1.3661471477201766e-05
4.7336765,-72858750.0,179049414.4272,-4.25629,2598750.0,37824598.79275654,0.0
33.392897000000005,188533750.0,2234275436.08325,26.447,1721582500.0,66908703.25157023,0.0
141.8878194545,1220532500.0,15534204037.670837,17.3926,7461996250.0,214296979.37018135,1.4618830725348338e-07
1.1375586575,-22781125.0,165956830.998,-8.95739,0.0,145888592.1212375,0.0
114.332098,199202500.0,2911146814.2720003,35.9401,4774290000.0,25462200.59980007,1.3661471477201766e-05
20.3538565,64046250.0,702130717.9296,9.62613,272002500.0,34496200.65512401,1.3661471477201766e-05
52.784779,361465000.0,7178413212.46725,27.7426,798486250.0,135993999.56694427,4.288082071750816e-06
64.14750749999999,554528750.0,6674932964.224,15.1728,7481456250.0,104055998.81217521,5.614981483841347e-06
137.476633,1220532500.0,15534204037.670837,30.0685,5448750000.0,194863000.13855812,9.301261141430958e-07
4.581284500000001,187061250.0,302284588.3296,-2.87952,552366250.0,65982496.46569646,1.3661471477201766e-05
2.571615,-58970000.0,417357677.1904,-9.0,0.0,162293997.03703704,0.0
113.284403,586002500.0,15534204037.670837,59.0341,3786566250.0,174926009.6182989,2.6478399339959585e-06
17.90606,708748750.0,2960444529.049625,5.39205,5654840000.0,165331989.78723544,5.784013120994697e-06
0.6986839842500001,-7484225.0,599989838.01455,-52.23688250000001,0.0,468084400.97929186,0.0
15.905915,115370000.0,4504778229.888,-15.2364,1372732500.0,283214026.3473054,0.0
2.8002029999999998,-1618750.0,517793941.1488,7.5,1705790000.0,184913001.36054423,0.0
28.316338499999997,34465000.0,348817637.9216,17.6429,196722500.0,12318599.66363942,1.3661471477201766e-05
55.48021249999999,206003750.0,1359947670.9632502,11.3691,470548750.0,24512301.047211204,1.3661471477201766e-05
14.626679405,321435000.0,1797711436.059125,12.5701,327846882.5,122906326.60237247,1.3661471477201766e-05
1.7238392550000001,-90703750.0,174368069.34,-0.778761,195063750.0,101151002.81783524,0.0
21.3634535,-22773750.0,2212997367.8207498,26.4651,555597500.0,103587997.50334139,0.0
5.0765585,-47177500.0,100674246.9252,-2.88398,106250.0,19831200.0,0.0
5.7088424325,65110875.0,473888281.07635,10.6708,161080830.0,83009521.92664148,0.0
141.8878194545,1220532500.0,15534204037.670837,28.7522,10562148750.0,48825696.746915236,1.9110613371244349e-07
0.47011884305,-206081250.0,351378380.70485,-2.02615,3603167355.0,468084400.97929186,0.0
5.2337127500000005,452611250.0,4018004777.5616255,-14.1795,3284053750.0,468084400.97929186,1.3661471477201766e-05
28.040128000000003,-167135000.0,6456239472.0,-21.8593,1027612500.0,230250000.0,0.0
18.713451865,309392500.0,3187899122.121625,14.6987,797064366.25,170353345.0225713,1.3661471477201766e-05
3.23833,-35171250.0,18637204.4327,-0.0288683,37611250.0,5755190.0,0.0
141.8878194545,1220532500.0,15534204037.670837,54.3507,10562148750.0,468084400.97929186,3.74359042522761e-08
17.372688,20372500.0,123791869.498,8.81159,80998750.0,7125660.087719298,1.3661471477201766e-05
4.343172,-211010000.0,206534332.6536,-0.995604,1598406250.0,47553800.0,0.0
20.187177749999996,209600000.0,2534520348.928,11.3763,944186250.0,125550999.76409532,1.3661471477201766e-05
4.21459125,-871390937.5,1297967650.118375,-2.08134,781996250.0,307969995.93219745,0.0
71.033721,1220532500.0,15534204037.670837,16.6846,10562148750.0,468084400.97929186,0.0
69.669336375,304558750.0,3623544059.328,21.5882,3465005000.0,52010601.045832045,3.947826979825088e-06
24.897043,-587500000.0,2361531777.689625,16.9295,10190000000.0,94851897.78117928,1.3661471477201766e-05
41.56015574999999,195772500.0,1960446518.25925,15.2133,689280000.0,47171298.63641693,1.3661471477201766e-05
126.523458,1047500000.0,15534204037.670837,54.6789,10495000000.0,242892985.00451785,4.1730172853089244e-07
2.0383382450000003,-36332500.0,349458842.50079995,-5.48571,1652221250.0,171443009.2051773,0.0
0.08953030000000001,-115252500.0,3130247.8789,-0.0241026,19580000.0,34962999.99999999,0.0
68.07636375,1220532500.0,15534204037.670837,16.6744,10562148750.0,468084400.97929186,5.830057578723844e-07
36.17881325,74736250.0,1469149217.9776251,47.9367,664832500.0,40607999.15756289,7.548977914759988e-06
35.831168999999996,314358750.0,5783329554.329625,35.9772,2137377500.0,161404992.2381719,0.0
141.8878194545,665890000.0,15534204037.670837,31.491,2717932500.0,119969999.9619547,2.523538478058871e-06
46.0700065,123770000.0,831660321.4784,10.5284,294308750.0,18052099.069671284,1.3661471477201766e-05
101.13590325000001,1064250000.0,6725577824.281625,10.56,2927530000.0,66500398.05998988,2.965358593873716e-06
21.5920415,20636000.0,220646913.8368,-52.23688250000001,105005572.5,10218900.04411116,1.3661471477201766e-05
1.52392,-27886250.0,63584038.08,-4.84848,409127500.0,41724000.0,0.0
29.659292999999998,33221250.0,576721976.9312,11.8314,690522500.0,19444899.678869624,1.3661471477201766e-05
0.52670485,-99417500.0,12181892.647,-0.546637,0.0,23128499.095840864,0.0
1.3620035,-697290.0,37266183.5072,0.0,100355827.5,27361297.902097903,0.0
13.4200205,56041250.0,367037564.48480004,9.58503,133512500.0,27350000.283889282,0.0
8.810162499999999,6836250.0,97683561.54479998,21.0227,53635000.0,11087600.432432432,0.0
8.7149175,-96518750.0,288123866.5136,0.0,0.0,33060997.595628418,0.0
18.258466499999997,818750000.0,4701062051.814375,8.33913,7932500000.0,257472994.88784423,1.3661471477201766e-05
6.694904393,1220532500.0,15534204037.670837,7.67683,10562148750.0,468084400.97929186,7.351582026989759e-06
99.569123,318766250.0,3287981508.04475,15.5797,754780000.0,33022099.713028003,6.2549773925675286e-06
14.47724,-592500000.0,960742928.8128,11.5568,4025000000.0,66362298.94736842,1.3661471477201766e-05
141.8878194545,1220532500.0,15534204037.670837,10.4894,10562148750.0,142740987.87186208,0.0
56.04692025,44382500.0,1178672388.5056,-52.23688250000001,673691250.0,21030100.90916815,0.0
42.441171999999995,656023750.0,3972043838.016,10.8983,5240675000.0,93589400.35906643,0.0
6.9624095,-75632500.0,268964138.4864,-3.02917,397961250.0,38630899.04240766,0.0
17.6869965,10358750.0,89777068.36559999,10.5,75738750.0,5075879.806138934,1.3661471477201766e-05
75.86740475,155176250.0,3214866020.889625,26.0458,1876657500.0,42374798.920344315,8.000799981357323e-06
19.382262255,1220532500.0,8522206356.121625,-41.0784,10562148750.0,439691004.2801206,0.0
73.78630150000001,100628750.0,968201724.7744,13.2201,699983750.0,13121700.167806892,4.666253823347306e-06
0.10772209499999999,-37956250.0,5488666.4709,-0.0428016,5618750.0,50952095.49071618,0.0
18.12988575,-330102500.0,1542787958.304,-7.77366,4375000.0,85096397.16312055,0.0
92.976930815,1220532500.0,15534204037.670837,12.5166,10562148750.0,468084400.97929186,1.1264054359482634e-06
2.4477965,-89226250.0,117316032.4148,-3.31615,148750.0,47927200.00000001,0.0
128.7921939,1220532500.0,15534204037.670837,12.7481,10562148750.0,156240005.91619903,1.428879851238696e-06
15.9535375,-181362500.0,2416961015.065625,-2.58642,1207843750.0,151500005.25373292,0.0
0.47317716000000004,-523443750.0,14044844.8441,-0.0252824,5643531250.0,29682000.80515298,0.0
141.8878194545,709607500.0,5050797059.097625,13.3801,3396830000.0,9594110.050114932,4.253635564569363e-06
13.724042540000001,1220532500.0,15534204037.670837,0.710291,10562148750.0,468084400.97929186,2.5724028277283568e-06
6.20521175,-126682500.0,441010591.9024,-3.96933,511250.0,71070998.00460476,0.0
141.8878194545,1220532500.0,15534204037.670837,70.237755,10562148750.0,468084400.97929186,7.24176909758014e-09
127.19017300000002,265686250.0,5016393041.177625,41.4272,1620613750.0,39440099.206230536,1.862214528111818e-06
3.0286957549999998,-5782887.5,29133719.6606,-26.7051,39488823.75,9619229.535519985,0.0
12.124688500000001,228731250.0,2054007159.961625,-52.23688250000001,967863750.0,169407004.5561686,1.3661471477201766e-05
9.257814,-574066250.0,2809876112.6783752,-4.29018,40965000.0,303513995.06172574,0.0
9.0768485,255625000.0,7877297066.44475,16.3966,7647500000.0,468084400.97929186,0.0
28.6592205,558430000.0,5459581650.022375,19.5484,4623438750.0,190500005.0515113,2.002413042024052e-06
5.695651000000001,-5070000.0,235138692.03359997,-8.7971,131347500.0,41283901.003344476,0.0
2.184272634,1220532500.0,13293263334.581251,9.26991,5341057531.25,468084400.97929186,0.0
6.2956945,162987500.0,956479732.1344,13.1961,1376527500.0,151926007.86686838,0.0
0.6652863250000001,-4782500.0,54179851.563999996,-11.515,0.0,81438396.56406584,0.0
4.3657450650000005,-9112550.0,3987326.2030499997,-7.74627,23250.0,913320.8979645264,0.0
9.86261975,62958750.0,230023898.3808,-2.65553,86560000.0,23322799.034282956,1.3661471477201766e-05
59.7090905,1220532500.0,15534204037.670837,46.4667,5894146250.0,468084400.97929186,1.083730732070246e-06
52.337127499999994,5915000.0,125318639.22839999,23.4615,43823750.0,2394450.0818926296,1.3661471477201766e-05
16.67263725,-116515000.0,2128112097.894375,-19.0217,748011250.0,127641000.39988425,0.0
74.633982,1220532500.0,15534204037.670837,23.1098,10562148750.0,468084400.97929186,0.0
1.276283,-12211737.5,169395945.0776,-27.0,305912.5,132726005.97014925,0.0
3.0383155,-214483750.0,153994295.2056,-2.21528,71323750.0,50684102.821316615,1.3661471477201766e-05
50.27031100000001,83937500.0,662105202.9568,12.8949,1411207500.0,13170899.280030314,1.3661471477201766e-05
2.219113255,-4316250.0,12924204.555949999,-6.83074,25983750.0,5824040.087557405,0.0
16.972659,552242500.0,956085158.768,1.72228,10562148750.0,56330900.112233445,0.0
9.619745,13063750.0,100525375.1804,11.5977,19328750.0,10449900.198019803,1.3661471477201766e-05
13.5914615,-21418750.0,119501295.5968,22.9231,439853750.0,8792380.09810792,1.3661471477201766e-05
6.552856,135712500.0,1417828347.008,31.2727,926867500.0,216368000.0,0.0
10.905552499999999,50051250.0,470969365.6608,11.6327,158961250.0,43186199.47598253,1.3661471477201766e-05
0.5047985,23530000.0,99292341.03,-0.464912,327320000.0,196696981.1320755,0.0
16.3916645,14023750.0,202630461.072,12.2057,52715000.0,12361798.954096455,0.0
15.972586499999998,-249375000.0,1134499311.904,-4.04535,588875000.0,71027902.20632082,0.0
11.8199045,36440000.0,175072882.34,0.0,99708750.0,14811700.241740532,1.3661471477201766e-05
17.067904,25748750.0,149504598.2976,7.03137,409241250.0,8759400.0,0.0
0.415934915,-83228750.0,10623143.4554,-0.0086,3861250.0,25540398.44286695,0.0
31.802305500000003,22402500.0,259350976.8208,18.0486,109806250.0,8155099.850254567,0.0
9.3054365,-28846000.0,909891181.376,2.46701,35691676.25,97780601.84237461,1.3661471477201766e-05
14.95822725,143542500.0,983660491.168,7.55024,2517630000.0,65760499.20407513,0.0
61.90925,815410000.0,5680953827.865624,9.61029,4732011250.0,91762601.35384655,2.2222280593227546e-06
6.395701750000001,1220532500.0,15534204037.670837,10.8289,10562148750.0,468084400.97929186,1.4983499974802466e-06
32.9642945,997452500.0,3302099346.752,4.49744,2698423750.0,100172001.15573533,1.3661471477201766e-05
141.8878194545,521308750.0,2611319333.593625,2.58094,1147662500.0,18107099.877819415,0.0
127.990231,-310250000.0,15534204037.670837,70.237755,4019125000.0,129644008.45364128,2.0719372528473583e-06
1.2477095,-76275000.0,8817275.3966,-1.87143,24096250.0,7066769.465648855,0.0
135.1812285,516125000.0,4539290994.73925,16.2206,3982375000.0,33579299.767491385,2.483463279411891e-06
74.61969524999999,676250000.0,15534204037.670837,37.3923,4615000000.0,246487001.44234037,0.0
141.8878194545,313865000.0,6240257825.894375,21.1617,2793440000.0,24788300.525897518,1.9704574463215663e-06
10.515048,-871390937.5,1413958443.60325,37.1333,4062377500.0,134469994.2029033,0.0
14.762975,13455000.0,304834777.0144,-15.3465,457900000.0,20648600.774193548,0.0
5.1527544999999995,-160250000.0,493622527.896,-18.6552,2167250000.0,95797796.67282811,1.3661471477201766e-05
141.8878194545,1220532500.0,15534204037.670837,28.9816,10562148750.0,468084400.97929186,1.9441914803908292e-07
141.8878194545,1220532500.0,15534204037.670837,28.2571,10562148750.0,468084400.97929186,1.6945788115135682e-07
6.1337779999999995,43250000.0,202982044.65519997,40.6875,2396750000.0,33092499.378881987,1.3661471477201766e-05
5.814173878,83363125.0,623070003.5862,32.7879,632840708.75,107163978.35018447,0.0
28.4306325,80667500.0,961023634.8768001,0.0,628582500.0,33802400.8040201,0.0
0.179155845,-871390937.5,2892130.6166499997,-0.179199,1193653750.0,16143099.415204676,0.0
4.1050595,-40735000.0,17207506.5014,-3.17037,0.0,4191780.046403712,0.0
141.8878194545,1220532500.0,15534204037.670837,27.7806,10562148750.0,107868995.34047738,6.261138133110105e-07
26.5447815,386875000.0,3248656569.574375,-52.23688250000001,3533875000.0,122384001.14818707,0.0
21.3825025,79803750.0,981140415.1424,-52.23688250000001,249328750.0,45885200.534521155,1.3661471477201766e-05
32.7357065,1158625000.0,14682291848.03875,21.2222,6550500000.0,448510003.8405693,2.5506321075481437e-06
15.963061999999999,166180000.0,1030611978.7136,9.86207,183453750.0,64562298.80668259,1.3661471477201766e-05
106.1886505,97505000.0,7665885717.375999,25.5195,849053750.0,72191196.34047896,0.0
141.8878194545,1220532500.0,15534204037.670837,26.2952,10562148750.0,468084400.97929186,1.3220894649394915e-07
8.729489984999999,30660000.0,1207698919.4431999,-52.23688250000001,416056250.0,138347019.30105942,1.3661471477201766e-05
18.3156135,19598750.0,783137123.8016,9.77551,529198750.0,42757897.451898076,1.3661471477201766e-05
81.29636975,1220532500.0,15534204037.670837,12.6919,10562148750.0,219915010.20443782,1.4172424873625204e-06
45.998572749999994,131135000.0,2058008364.313625,24.064,1707693750.0,44740700.445181206,0.0
31.307698215,462027500.0,7296823015.6032505,-17.2116,1862346250.0,233068013.032885,0.0
0.489464055,-12480875.0,863786.4295,-0.976996,20915.0,1764759.680871765,0.0
20.7157875,1220532500.0,15534204037.670837,19.8091,10562148750.0,468084400.97929186,1.418614754944341e-06
1.6368996189999998,136765000.0,639477243.50105,11.9613,1001918687.5,390663688.88992333,1.3661471477201766e-05
0.552421,-28718500.0,7590540.7505,-0.104693,43585007.5,13740500.0,0.0
0.8857785,-9363487.5,6115237.6083,-0.146222,0.0,6903800.000000001,0.0
16.725022,586000000.0,4375483005.23525,22.3,4355375000.0,261612989.52164307,0.0
55.565933,1220532500.0,15534204037.670837,45.0615,10562148750.0,468084400.97929186,3.5503383360358335e-07
12.781879,-58265000.0,525303270.29760003,-8.58893,0.0,41097499.8509687,0.0
9.410206,24818375.0,299241716.3088,37.809,54066233.75,31799698.7854251,0.0
24.877994,180015000.0,1604682151.974375,8.94521,481176250.0,64502071.66921798,1.3661471477201766e-05
42.574515000000005,-6133750.0,1795103392.704,-28.8514,1503288750.0,42163801.34228188,0.0
3.2859525,-218691250.0,277406685.7648,-2.6875,0.0,84422001.1594203,0.0
141.8878194545,1220532500.0,15534204037.670837,21.1995,10562148750.0,460675033.70728666,5.208093244647221e-07
4.016557846,80200875.0,513785528.6552,11.2716,1115348647.5,127916875.18377645,0.0
2.2763554999999998,-127558750.0,19676430.2473,-0.212256,39377500.0,8643830.125523012,0.0
17.620324999999998,1220532500.0,4099438917.2992496,15.6387,10562148750.0,232653990.05405688,1.3661471477201766e-05
4.400319,108297500.0,749717558.2016001,46.9,582821250.0,170378001.73160174,0.0
35.6502035,1220532500.0,15534204037.670837,27.1159,10562148750.0,468084400.97929186,5.942304179980142e-07
38.431357500000004,21750000.0,1730587081.32475,0.0,2341875000.0,45030599.85129981,0.0
53.742848455,118550000.0,2452243054.73275,42.8258,1989787500.0,45629197.65568555,0.0
44.231778000000006,1053750000.0,6532900206.6432495,8.5878,3756250000.0,147696983.9793293,6.754121233189921e-06
57.33749,121615000.0,656732165.8208,17.8107,1615170000.0,11453800.398671096,1.3661471477201766e-05
3.5145405000000003,-10843750.0,3025038.347,-0.344624,0.0,860720.8672086721,0.0
3.2394729399999997,-28230000.0,43182174.290199995,-1.51402,0.0,13330000.0,0.0
59.2519145,315240000.0,1351731669.632,10.7327,2434031250.0,22813299.46953866,0.0
27.5162805,-46083750.0,2056459330.112,-23.9625,1210328750.0,74736094.150225,0.0
1.35095508,-2230750.0,26600981.7647,45.0636,92425282.5,19690500.56401579,0.0
0.957269397,165252500.0,863611026.308,8.50333,547447802.5,468084400.97929186,1.3661471477201766e-05
9.467353,-195000000.0,1229970095.8912,12.7089,1433750000.0,129916999.59758551,0.0
0.1428675,-82863125.0,345253155.70585,-1.07488,7448135601.25,468084400.97929186,0.0
71.27659575,226250000.0,2292875402.368,38.0352,2685000000.0,32168699.67261308,2.5209176189994744e-06
43.07455125,935276250.0,4797514240.281625,10.6737,3383162500.0,111376998.73963574,4.722810369119392e-06
24.1065095,639000000.0,7637014626.278376,16.9866,3167250000.0,316803004.0300266,0.0
11.31986825,-16080000.0,610590306.4928,-3.49853,1334420000.0,53939700.79932688,0.0
10.953175,-871390937.5,11043758023.936,-1.79289,6267500000.0,468084400.97929186,0.0
20.225275749999998,-3223750.0,683387842.9792,-52.23688250000001,423720000.0,33788802.26041912,0.0
30.041034959999998,107113750.0,763745241.8016,8.87231,807776250.0,25423399.786942627,1.3661471477201766e-05
117.19897250000001,786992500.0,15534204037.670837,69.9713,1890058750.0,218303019.06541884,1.524899099412857e-07
8.9816035,1034875000.0,11073689275.699251,59.125,5648875000.0,468084400.97929186,1.4318850389631103e-06
34.726327,-15176250.0,357833941.08000004,8.18019,729146250.0,10304399.341744378,1.3661471477201766e-05
2.571615,-42056500.0,17984359.0096,-0.542169,0.0,6993410.37037037,0.0
14.267700999999999,37338750.0,623671148.1184,8.73099,225608750.0,43712098.26435247,1.3661471477201766e-05
6.6004784999999995,5491250.0,167170320.87440002,69.9,13662500.0,25327000.288600292,1.3661471477201766e-05
29.50213875,213298750.0,3492551797.3632503,-52.23688250000001,996577500.0,118383003.5835368,6.113080417624347e-06
10.400754000000001,27822500.0,65727667.7676,11.7,211306250.0,6319509.890109889,0.0
105.25524949999999,103847500.0,1957684565.65125,20.4907,1076665000.0,18599400.742014773,0.0
39.8981305,1220532500.0,15534204037.670837,14.4784,10562148750.0,468084400.97929186,5.478608724835263e-07
24.46444021,20547875.0,255834708.5765,26.7868,317014033.75,10457411.098739382,1.3661471477201766e-05
30.078371,129012500.0,936643475.0624,9.71692,444953750.0,31140099.81000633,1.3661471477201766e-05
16.9631345,217513750.0,1086860231.6543999,12.7286,1681407500.0,64071898.483997755,1.3661471477201766e-05
40.364830999999995,311032500.0,4346485123.993625,15.7164,596915000.0,107680003.02029322,0.0
0.34316773500000003,-33537500.0,33955932.102800004,-0.42907,1065000.0,98948498.4734943,0.0
9.162569000000001,22625000.0,321761017.4112,-3.53091,2717375000.0,35116899.79209979,0.0
15.848577509999998,1220532500.0,9449230043.32375,5.80015,5402116185.0,468084400.97929186,3.9694900884015736e-06
0.8095825,-7842337.5,12934051.9365,-0.840217,1578108.75,15976200.000000002,0.0
6.25283425,21035000.0,733313656.6240001,-23.2857,860010000.0,117277002.28484388,0.0
21.296782,658750000.0,3497166227.12325,70.237755,10562148750.0,164211016.81574476,1.223640719966608e-05
77.47704525,-113466250.0,15534204037.670837,-52.23688250000001,1847092500.0,341703003.06104213,0.0
1.4620107500000001,-34982500.0,183858083.0304,-6.04,0.0,125756998.0456026,0.0
81.12969100000001,1220532500.0,15534204037.670837,25.5866,10562148750.0,468084400.97929186,1.0862749084363422e-07
43.63173449999999,763750000.0,2167502382.054375,4.32685,4972500000.0,49677199.56341354,1.0366539933720044e-05
9.3816325,141783750.0,992182739.4624,12.0244,154058750.0,105758005.27918781,1.3661471477201766e-05
66.061932,157540000.0,4885762131.12325,-52.23688250000001,2142215000.0,73957300.11534101,0.0
